File Name,mean,mean,mean,mean,mean,mean,mean,mean,mean,mean,mean,mean,mean,mean,mean,mean
0464.png,113.09375,123.390625,130.65625,118.484375,130.828125,108.625,105.734375,108.8125,129.59375,106.515625,114.125,103.0,102.09375,103.40625,113.265625,117.03125
